type,name,module,path,hash
"csv","agent-manifest","_config","_config/agent-manifest.csv","6e95f4c8c60e48bc95346372850291506534bba082a8f9dca5eed4b5f2d6431a"
"yaml","manifest","_config","_config/manifest.yaml","ca9a7c7c7eb4feb2ad179fd07f26618d0d6df4222f52fb6dc5eb20f9ca57c985"
"csv","documentation-requirements","bmm","bmm/1-analysis/bmad-document-project/documentation-requirements.csv","efc91d54787939a2dd2c22400e6b9b6f58835a741ea557e8971b5b333ce666e8"
"csv","domain-complexity","bmm","bmm/2-plan-workflows/bmad-create-prd/data/domain-complexity.csv","4b0d69891b11300bd9228ccfa84a508e76cb702e7abddfc394c5e98d7d3680e1"
"csv","domain-complexity","bmm","bmm/2-plan-workflows/bmad-validate-prd/data/domain-complexity.csv","4b0d69891b11300bd9228ccfa84a508e76cb702e7abddfc394c5e98d7d3680e1"
"csv","domain-complexity","bmm","bmm/3-solutioning/bmad-create-architecture/data/domain-complexity.csv","e3d5b01acfdfd9b69d708c7e27f74f4e7366ed72bba16a401ad84a1690711336"
"csv","module-help","bmm","bmm/module-help.csv","bbc8f4c1f47dbfa95f210b234a3ece893033622e5eb3bbeebdf0a78f7ae2ad73"
"csv","project-types","bmm","bmm/2-plan-workflows/bmad-create-prd/data/project-types.csv","2ea18a3e100f51cf26f0311949e7b7f76c6005e85271df0afd8d1b5632faaf57"
"csv","project-types","bmm","bmm/2-plan-workflows/bmad-validate-prd/data/project-types.csv","2ea18a3e100f51cf26f0311949e7b7f76c6005e85271df0afd8d1b5632faaf57"
"csv","project-types","bmm","bmm/3-solutioning/bmad-create-architecture/data/project-types.csv","a2ae4c8f0b8f2dcfe8d6b71588e79dcfa209b54abb51e83382c483dc8a8f1683"
"json","bmad-manifest","bmm","bmm/1-analysis/bmad-prfaq/bmad-manifest.json","1d81d627c06a8ffb256579fbebc912e0be68ac2375f3437f188e509fe8a34546"
"json","bmad-manifest","bmm","bmm/1-analysis/bmad-product-brief/bmad-manifest.json","0070bb2e78ed5ea07baa6bd8ace0607f86965ca3ed8b0ecda9feb85a7f8299f0"
"json","project-scan-report-schema","bmm","bmm/1-analysis/bmad-document-project/templates/project-scan-report-schema.json","771e1c446307bc429d7704950bc7b84b053f951560a41786157544cc542ba9eb"
"md","architecture-decision-template","bmm","bmm/3-solutioning/bmad-create-architecture/architecture-decision-template.md","3ee60feb64da70751a2cd4af5aa4792d528b5f2d178894974aa4e1a700a3bb2a"
"md","artifact-analyzer","bmm","bmm/1-analysis/bmad-prfaq/agents/artifact-analyzer.md","44d342a041a2143ff1e1fc19cb0debc5b7e56b92dd29a26b33834bff30249e85"
"md","artifact-analyzer","bmm","bmm/1-analysis/bmad-product-brief/agents/artifact-analyzer.md","44b2c7f238c2115b84b798c161825a54c3490e6f4d6ce45e4aece6943794be47"
"md","brief-template","bmm","bmm/1-analysis/bmad-product-brief/resources/brief-template.md","620f463911d886fd9c17b8e76cd1a00e642b96566dd4c0f9a1d4551b512b04a8"
"md","checklist","bmm","bmm/1-analysis/bmad-document-project/checklist.md","3b6856939315f71dc3ecc5a098c961fdc9f3615d3a032f0bc3dad565ac17bc38"
"md","checklist","bmm","bmm/4-implementation/bmad-correct-course/checklist.md","32be5d0ae10541eb7e1ceaaace3de101685c1dee1526bf8382d1c662ad7e24c7"
"md","checklist","bmm","bmm/4-implementation/bmad-create-story/checklist.md","857eca22066cd80f2116cdef29a894113d0772de97df230fc269fddb2d25a1c7"
"md","checklist","bmm","bmm/4-implementation/bmad-dev-story/checklist.md","277b5b2157d37162ed6eb1b4cdfe08bb4100fe719994a8ac8d019339a458995b"
"md","checklist","bmm","bmm/4-implementation/bmad-qa-generate-e2e-tests/checklist.md","0673c7453e3f181fa43703670a02a65d1af2e7173bb98df543a6b575e8aa0ec6"
"md","checklist","bmm","bmm/4-implementation/bmad-sprint-planning/checklist.md","cc4f8e9411dbf9e644333790f867d74027aae3721cbc7f11d574536bf903a0aa"
"md","contextual-discovery","bmm","bmm/1-analysis/bmad-product-brief/prompts/contextual-discovery.md","a75f7ab6f78bdc6f68082b82a816bcbb982991907629dc4a02bc2a0408856cbe"
"md","customer-faq","bmm","bmm/1-analysis/bmad-prfaq/references/customer-faq.md","41019fb027ebd56872c6ac666c26f475513494a807ea28883ca3b3faf273af7c"
"md","deep-dive-instructions","bmm","bmm/1-analysis/bmad-document-project/workflows/deep-dive-instructions.md","551e8c5fa18d1e0f72fc7ee70231df1c2c1b524156255b38687a51de4b5290b4"
"md","deep-dive-template","bmm","bmm/1-analysis/bmad-document-project/templates/deep-dive-template.md","2d098bb425f58d1d49ab5c6b7c1a8c92af9271d281bacafe000fed059a1a206d"
"md","deep-dive-workflow","bmm","bmm/1-analysis/bmad-document-project/workflows/deep-dive-workflow.md","ac41d0f14005a6caa44836af3cc818bb07dda240a4e85e28ce32b69601e91246"
"md","discover-inputs","bmm","bmm/4-implementation/bmad-create-story/discover-inputs.md","19c9b1d6635fc013c8ce62c266cb72314206beb832e397b9b6c17c94df697ac1"
"md","draft-and-review","bmm","bmm/1-analysis/bmad-product-brief/prompts/draft-and-review.md","7300b2dce70747bc45ea15e34831d687afd34b03b47885e8f538dd8294a993c5"
"md","epics-template","bmm","bmm/3-solutioning/bmad-create-epics-and-stories/templates/epics-template.md","d758d8118dc83dd92196c7f154dc9f1a1b07c1b56c731d0fda91f344352abfda"
"md","explain-concept","bmm","bmm/1-analysis/bmad-agent-tech-writer/explain-concept.md","f9406f0372e600449fafc235202b61c9f4c385f84f9fbd16fc1b9890596ea1c1"
"md","finalize","bmm","bmm/1-analysis/bmad-product-brief/prompts/finalize.md","539253ea801661d98707231f8b2f9389b0ebc365f53a12f5766f0573a88e6275"
"md","full-scan-instructions","bmm","bmm/1-analysis/bmad-document-project/workflows/full-scan-instructions.md","5b6b622eb9f05845acf43ee1b78798debd585641a7e0464ef5bb6f52b1c18193"
"md","full-scan-workflow","bmm","bmm/1-analysis/bmad-document-project/workflows/full-scan-workflow.md","ecff2e4a9471a64cea457bf0298fd36f234f1bad89ec8ade305d673af3b724f3"
"md","guided-elicitation","bmm","bmm/1-analysis/bmad-product-brief/prompts/guided-elicitation.md","2cf93182178e648a1f26fb3209564c592c79dd1fb81f181daa33f415ddee746a"
"md","index-template","bmm","bmm/1-analysis/bmad-document-project/templates/index-template.md","0e077c2d9d9ccb149a64ed82e67914d90571e23696687cf7a08ac5f2a8b18306"
"md","instructions","bmm","bmm/1-analysis/bmad-document-project/instructions.md","1d0cd062277e1a11bf87bdb3d2c67740f5dc2363e14d40c0d5373e0b6d2af92b"
"md","internal-faq","bmm","bmm/1-analysis/bmad-prfaq/references/internal-faq.md","6ef930c6a945870b4dbd6f12b88e0ea51423087982f589957b604d784b091a20"
"md","mermaid-gen","bmm","bmm/1-analysis/bmad-agent-tech-writer/mermaid-gen.md","f1af20cff1ddb4294f1b671eebcb80ebe515278e57ff53c4886798ba97b9f6c4"
"md","opportunity-reviewer","bmm","bmm/1-analysis/bmad-product-brief/agents/opportunity-reviewer.md","38109277671f75c0fdab70ec76043845e546204b39c28d453d0b8484c9801e6c"
"md","prd-purpose","bmm","bmm/2-plan-workflows/bmad-create-prd/data/prd-purpose.md","8c49b3da98b13048ef3c9a2a51fa97747976fe7f4858bf03c63a79c1c7310110"
"md","prd-purpose","bmm","bmm/2-plan-workflows/bmad-validate-prd/data/prd-purpose.md","8c49b3da98b13048ef3c9a2a51fa97747976fe7f4858bf03c63a79c1c7310110"
"md","prd-template","bmm","bmm/2-plan-workflows/bmad-create-prd/templates/prd-template.md","d474ed4ecb6d4a627c9da54ed8d79f156671d7557a7e6a64c9f24c29b8216a71"
"md","press-release","bmm","bmm/1-analysis/bmad-prfaq/references/press-release.md","bfe73d617b0b756360c7c9d187354c9bea2d47278aad3db17f3ad2296b9520f7"
"md","prfaq-template","bmm","bmm/1-analysis/bmad-prfaq/assets/prfaq-template.md","6d4913f8d12fcb4d48508ece462e6f102262c1da66df0ac26274a69fb747385e"
"md","project-context-template","bmm","bmm/3-solutioning/bmad-generate-project-context/project-context-template.md","9fc198ae90a30c2555fb4d8c8b5ec463ceca03bdae80a2d48f4b623b1e65e7a6"
"md","project-overview-template","bmm","bmm/1-analysis/bmad-document-project/templates/project-overview-template.md","fd1ae5724b19829feb79245b5249c3ebf3cee30d07776939d87c7563e5bf76fd"
"md","readiness-report-template","bmm","bmm/3-solutioning/bmad-check-implementation-readiness/templates/readiness-report-template.md","79e63524734308aca3ff4c40fdfaf87521bcea2e94ad0583b47d15915d800733"
"md","research.template","bmm","bmm/1-analysis/research/bmad-domain-research/research.template.md","94f97bc59c113d947c6f2e1166095e1eebd8aadffb03d4bd188aeec9e51366d6"
"md","research.template","bmm","bmm/1-analysis/research/bmad-market-research/research.template.md","94f97bc59c113d947c6f2e1166095e1eebd8aadffb03d4bd188aeec9e51366d6"
"md","research.template","bmm","bmm/1-analysis/research/bmad-technical-research/research.template.md","94f97bc59c113d947c6f2e1166095e1eebd8aadffb03d4bd188aeec9e51366d6"
"md","skeptic-reviewer","bmm","bmm/1-analysis/bmad-product-brief/agents/skeptic-reviewer.md","def9a9dc26ab510de3330968e2369b5cb9ab03d887fe8d03706fd2dbc5b4faf1"
"md","SKILL","bmm","bmm/1-analysis/bmad-agent-analyst/SKILL.md","b919df68c87a2b8821ccca77740da59de2e55a381e76800373805d57a4c5b3d5"
"md","SKILL","bmm","bmm/1-analysis/bmad-agent-tech-writer/SKILL.md","990d1220fdd208cb1b93f357c5b83b9b97ee12ca4d816199a3cde51e662dffc5"
"md","SKILL","bmm","bmm/1-analysis/bmad-document-project/SKILL.md","9cd619f2dc3fa291638a9c38f3ff049ca8f5ad955209392b4488466b58e17c26"
"md","SKILL","bmm","bmm/1-analysis/bmad-prfaq/SKILL.md","5d36c41da42127b700cb5257ab6a4743af15f472a682c77f40fa4219f5fbc232"
"md","SKILL","bmm","bmm/1-analysis/bmad-product-brief/SKILL.md","f26bbd09955ff2c6300b9f97db8be36508970f0ab8e843a6b14e6e5611a311f0"
"md","SKILL","bmm","bmm/1-analysis/research/bmad-domain-research/SKILL.md","26112c5adb76914cddc214d13e3a42a3d2a73aa12089c576cc16059c2f45a42c"
"md","SKILL","bmm","bmm/1-analysis/research/bmad-market-research/SKILL.md","7855f94c3018fcb96dd920a1af50753d9a906f00d2eb41da8a8869697af006a0"
"md","SKILL","bmm","bmm/1-analysis/research/bmad-technical-research/SKILL.md","66a5ad81c1b43385fc2c52479269c6b51aaccb12bbcd17763deabcffbb8fc402"
"md","SKILL","bmm","bmm/2-plan-workflows/bmad-agent-pm/SKILL.md","b96da8aaa19282b52dfc2e173e71ebcb692be6dc5ef56d580e705706140e7003"
"md","SKILL","bmm","bmm/2-plan-workflows/bmad-agent-ux-designer/SKILL.md","ba1d954913c22a0c8db3b00313c75a406ce1ef1ef1c23326d5a2379fceb22027"
"md","SKILL","bmm","bmm/2-plan-workflows/bmad-create-prd/SKILL.md","67c2acefdc0769711afc4826cc547c0f376ef3df6b87e6ff5a4fe015e1713ece"
"md","SKILL","bmm","bmm/2-plan-workflows/bmad-create-ux-design/SKILL.md","d26c9ac4d84820fa8a492e7ddfedf6fb31c1908c0baeb5be8697e7a0169da4bc"
"md","SKILL","bmm","bmm/2-plan-workflows/bmad-edit-prd/SKILL.md","3a52914bde27e11e42d5df3e3adc9c19843f3086922a5615b5fb3b5f3d84d155"
"md","SKILL","bmm","bmm/2-plan-workflows/bmad-validate-prd/SKILL.md","d0286e57c86fa375f6afed89465847e4ef88a5ef104c189fc9321322008d2c35"
"md","SKILL","bmm","bmm/3-solutioning/bmad-agent-architect/SKILL.md","618596cfc71a7d2c5f2ff526094aa4e56cf5122cc3818f931bcb3244b8c1ee02"
"md","SKILL","bmm","bmm/3-solutioning/bmad-check-implementation-readiness/SKILL.md","a313f6fc09b32f6214361c9febcad30a4fa397a677dee7effc49dbf489744da8"
"md","SKILL","bmm","bmm/3-solutioning/bmad-create-architecture/SKILL.md","fbe99a66587f65c937f7c0c43a4c6e20f570a1db944d7558be0eba934f7e5fe4"
"md","SKILL","bmm","bmm/3-solutioning/bmad-create-epics-and-stories/SKILL.md","8340549b909de2ad528da62ee7feaeb7e5c773b59e83f3744cc81e998a2efb98"
"md","SKILL","bmm","bmm/3-solutioning/bmad-generate-project-context/SKILL.md","4898afb291b942dde9a242105a78a7292d8b7609546a27ee761ddf416de63237"
"md","SKILL","bmm","bmm/4-implementation/bmad-agent-dev/SKILL.md","21d608352f683e509281a5a6efb9bd7a272e85f6981eee824c1461024d239d36"
"md","SKILL","bmm","bmm/4-implementation/bmad-agent-qa/SKILL.md","a0b675d71e4c98826f31a9e1ec02d6355e35f5667abd908c0e0d9798b026fcee"
"md","SKILL","bmm","bmm/4-implementation/bmad-agent-quick-flow-solo-dev/SKILL.md","35628b5567b7c56607a42293b1791734e615f21781b9132c1e7d609fa95e3a34"
"md","SKILL","bmm","bmm/4-implementation/bmad-agent-sm/SKILL.md","bda442c5b2080263ad28ded0ef3576d54173c5778c9a44b63ea12b614a495c54"
"md","SKILL","bmm","bmm/4-implementation/bmad-code-review/SKILL.md","e6c31f83c3cbe5aa11b397b1809d227d3e96d8a6692d73660581f6116d59baf8"
"md","SKILL","bmm","bmm/4-implementation/bmad-correct-course/SKILL.md","dde308c12ca53b43f6eb6b1632419f9edc34b79f19137896b91e29808557d7ab"
"md","SKILL","bmm","bmm/4-implementation/bmad-create-story/SKILL.md","50608b0b4cd6829562fc37eb3ede6830ae5e0b190008be1c3726fd5d64227790"
"md","SKILL","bmm","bmm/4-implementation/bmad-dev-story/SKILL.md","7a52b51ae0b16d88cf45bf7fea86c95fc21514db06d08030e6bad25540480297"
"md","SKILL","bmm","bmm/4-implementation/bmad-qa-generate-e2e-tests/SKILL.md","8cd751609405c67cfb505bf75d8dbe7274c85f229c286765a215c5c5ceafd96d"
"md","SKILL","bmm","bmm/4-implementation/bmad-quick-dev/SKILL.md","970f61c7d6b82dddb1f5659cb56369f55c52998a697b528b783f5fa95b77a670"
"md","SKILL","bmm","bmm/4-implementation/bmad-retrospective/SKILL.md","d47d6b2bca030a3b5ec5b3292ad096784f1ff3f0da827c35d32e05b6ffb8cfa4"
"md","SKILL","bmm","bmm/4-implementation/bmad-sprint-planning/SKILL.md","2f5a60fd96901ce6c73eb9b9356018bde63594c17792f2b1c733fa213c3dd2f8"
"md","SKILL","bmm","bmm/4-implementation/bmad-sprint-status/SKILL.md","92e98b0bd046e065529cbf9f76f6faefb95b929487daccac329acd26e6b9cd90"
"md","source-tree-template","bmm","bmm/1-analysis/bmad-document-project/templates/source-tree-template.md","f0094b1e0a9770c8c408b86f978b660c253fe99affcf2b67e1cf7aa9b40e74cb"
"md","spec-template","bmm","bmm/4-implementation/bmad-quick-dev/spec-template.md","08aadf6edf07055de2076dc9777254d010c645a56dfeec5aa754276001a817f7"
"md","step-01-clarify-and-route","bmm","bmm/4-implementation/bmad-quick-dev/step-01-clarify-and-route.md","d81df482357ba7d4828d701e24932614439247f2c2f979dff4a51d7f61136566"
"md","step-01-discover","bmm","bmm/3-solutioning/bmad-generate-project-context/steps/step-01-discover.md","ca5ef1ee1d263c22266e6a55320f8649bf287046fb56882e6da91721756f4160"
"md","step-01-document-discovery","bmm","bmm/3-solutioning/bmad-check-implementation-readiness/steps/step-01-document-discovery.md","c1b5f84731af4889c6ba2a42adb935fe352a28ff13e3205a8d0bd9818cc293b1"
"md","step-01-gather-context","bmm","bmm/4-implementation/bmad-code-review/steps/step-01-gather-context.md","f28f20571d4b5520a4ec629c8b7962e06f455b5a376ff7aed4c698c0c54d4daa"
"md","step-01-init","bmm","bmm/1-analysis/research/bmad-domain-research/domain-steps/step-01-init.md","44142daf99a33168304433a497722b5bce2f4954f24151792a53b686c7199d32"
"md","step-01-init","bmm","bmm/1-analysis/research/bmad-market-research/steps/step-01-init.md","838fac2f8db8339290390f281e0b0cf6ea4af30f70045df00ce48c6d9745cbb0"
"md","step-01-init","bmm","bmm/1-analysis/research/bmad-technical-research/technical-steps/step-01-init.md","6388e11f3569404fa5fde2045329ecdb21e4e04647578d8536ce28dced74e7b9"
"md","step-01-init","bmm","bmm/2-plan-workflows/bmad-create-prd/steps-c/step-01-init.md","8e3fc03c830e2064971f719771dfe12eecd2bd654f56a7a5ac3cec1f2863e897"
"md","step-01-init","bmm","bmm/2-plan-workflows/bmad-create-ux-design/steps/step-01-init.md","76576f652f0545318815fb9825f4b9f80c75fa79dd596ccf9f7f4e15576c4070"
"md","step-01-init","bmm","bmm/3-solutioning/bmad-create-architecture/steps/step-01-init.md","4fe0bfaa88cb607dd449099e5ec45935cbdfd992dff5a185c50500bc59db6090"
"md","step-01-validate-prerequisites","bmm","bmm/3-solutioning/bmad-create-epics-and-stories/steps/step-01-validate-prerequisites.md","42ac40198223c7f35118a143e6472feecec7627a74094662fd3095da2aef0d89"
"md","step-01b-continue","bmm","bmm/2-plan-workflows/bmad-create-prd/steps-c/step-01b-continue.md","ef8376bbff7a3d5e6f8e9e0852de85937f0626cd9149ed674a642cfad3fb280b"
"md","step-01b-continue","bmm","bmm/2-plan-workflows/bmad-create-ux-design/steps/step-01b-continue.md","b53401601de03606d1116c9e603b5786b7905b544da757b1b9354a1469555e9e"
"md","step-01b-continue","bmm","bmm/3-solutioning/bmad-create-architecture/steps/step-01b-continue.md","50bd4fa6cde1eed6b7f1dbdd5930c16efea425e9a4e39c4d4c5b2db40c451146"
"md","step-02-context","bmm","bmm/3-solutioning/bmad-create-architecture/steps/step-02-context.md","39077aff30be57a21b3b5adacdafc8e0ed8700dd3d90d641431ab38eeb0ba2fc"
"md","step-02-customer-behavior","bmm","bmm/1-analysis/research/bmad-market-research/steps/step-02-customer-behavior.md","6505a6ff06559880555be60aa366b576abab50501fac7105c0be5772d0c129a7"
"md","step-02-design-epics","bmm","bmm/3-solutioning/bmad-create-epics-and-stories/steps/step-02-design-epics.md","88c07ac9d14cd03549fdd9d77809499716df0775f9d6a675f4470ec264f009ab"
"md","step-02-discovery","bmm","bmm/2-plan-workflows/bmad-create-prd/steps-c/step-02-discovery.md","19daa341dd260d4816b9b993c89b1c750cfc2fd8764d92cdeced77792735c997"
"md","step-02-discovery","bmm","bmm/2-plan-workflows/bmad-create-ux-design/steps/step-02-discovery.md","054533caf0fb81df741b3360e1e34395592304adb6d7fc93a0dced2fe97c26d3"
"md","step-02-domain-analysis","bmm","bmm/1-analysis/research/bmad-domain-research/domain-steps/step-02-domain-analysis.md","6ddcb85f91923d5e1eb393570b9e6652438d0e0b09d1af4d51a5934dd9a058a1"
"md","step-02-generate","bmm","bmm/3-solutioning/bmad-generate-project-context/steps/step-02-generate.md","5e7a177f86c723b81903a85bc94f70c1a1eaf84b50f8d3b2bacf19d8f83c5d73"
"md","step-02-plan","bmm","bmm/4-implementation/bmad-quick-dev/step-02-plan.md","ae2007e0c6c517d7ac8596e813fa8e6f3d0153e3fdb48e6e95533f894a54380a"
"md","step-02-prd-analysis","bmm","bmm/3-solutioning/bmad-check-implementation-readiness/steps/step-02-prd-analysis.md","6c1bfb811d9d47b41c735c73b76acc31e6e1ec19850c24dea704f7f02fcdf800"
"md","step-02-review","bmm","bmm/4-implementation/bmad-code-review/steps/step-02-review.md","d236e0cf6b0b147431ef05fbb802fe56b45892ffddcfe023854270fe81166b2a"
"md","step-02-technical-overview","bmm","bmm/1-analysis/research/bmad-technical-research/technical-steps/step-02-technical-overview.md","8af97eedf71389a2f24679637d11fda25e18c1da24cb272f2d842185b5f27253"
"md","step-02b-vision","bmm","bmm/2-plan-workflows/bmad-create-prd/steps-c/step-02b-vision.md","dcb56bf928ac764969e31cb72318c33f010c470ba6428663edf2f40a799718b6"
"md","step-02c-executive-summary","bmm","bmm/2-plan-workflows/bmad-create-prd/steps-c/step-02c-executive-summary.md","9acd7ad731c0bd3e9c769f3a5d9884bb1315848bd7fbb3ffb408c01845a1b521"
"md","step-03-competitive-landscape","bmm","bmm/1-analysis/research/bmad-domain-research/domain-steps/step-03-competitive-landscape.md","d76c3425fc5e1c79b712948c863e84d1ecea86c07731dedc204301142b5156bc"
"md","step-03-complete","bmm","bmm/3-solutioning/bmad-generate-project-context/steps/step-03-complete.md","0db98d6ca82fe9a33c54bbf4f81be78450844acbedbd18fbe9243d1bd42d12d1"
"md","step-03-core-experience","bmm","bmm/2-plan-workflows/bmad-create-ux-design/steps/step-03-core-experience.md","927ad4858ad7962d0b716eeb03721a9c93b9d8d2f5f4ca58213b3a41eadfd996"
"md","step-03-create-stories","bmm","bmm/3-solutioning/bmad-create-epics-and-stories/steps/step-03-create-stories.md","ba717ef72db102a3ff9c9f29d2719d923891fe38fc6283762663af4f3deacf82"
"md","step-03-customer-pain-points","bmm","bmm/1-analysis/research/bmad-market-research/steps/step-03-customer-pain-points.md","c3d97327b3e1c7abfdf52da0795dded7c0fd925a14260451b89dd2b58a162720"
"md","step-03-epic-coverage-validation","bmm","bmm/3-solutioning/bmad-check-implementation-readiness/steps/step-03-epic-coverage-validation.md","95b48179505995f8c32903a570dda039dd9c55d14962ea882d652153304f9cb6"
"md","step-03-implement","bmm","bmm/4-implementation/bmad-quick-dev/step-03-implement.md","bf596d4f63b39312c9437e034ce29789382c3e865c731cdc0f0812c8a94d8361"
"md","step-03-integration-patterns","bmm","bmm/1-analysis/research/bmad-technical-research/technical-steps/step-03-integration-patterns.md","9ef884e969891334e0d23c1aec301fac5021f39f02fbc518cc0237c1dafe6669"
"md","step-03-starter","bmm","bmm/3-solutioning/bmad-create-architecture/steps/step-03-starter.md","f400105bd1bae1d5980c666b3c9cc60da304f8b50c6568481f93c424f687b684"
"md","step-03-success","bmm","bmm/2-plan-workflows/bmad-create-prd/steps-c/step-03-success.md","98dcd09d13eabacfc6dee019dfa30dfafcd9cc9ed3e9573141ff04a16715f427"
"md","step-03-triage","bmm","bmm/4-implementation/bmad-code-review/steps/step-03-triage.md","fe0004375a1e5bfaa12b3de8e845053ae2542245b767169833101d453b363485"
"md","step-04-architectural-patterns","bmm","bmm/1-analysis/research/bmad-technical-research/technical-steps/step-04-architectural-patterns.md","d25b25ec7131e85d5163990b0914c7e85d209d51fa365788d27cc1b7bba0f3b4"
"md","step-04-customer-decisions","bmm","bmm/1-analysis/research/bmad-market-research/steps/step-04-customer-decisions.md","3b9dc743dc2523e71bfcc2770c2aa63109f50773eb7b4f04de5fe357376004d9"
"md","step-04-decisions","bmm","bmm/3-solutioning/bmad-create-architecture/steps/step-04-decisions.md","41716cf92eb2460d4ca785aad330af3fb41b8ca410b766041df42b5e2bcfbffb"
"md","step-04-emotional-response","bmm","bmm/2-plan-workflows/bmad-create-ux-design/steps/step-04-emotional-response.md","8c9224d824483e8fb38480ba62460d6bb3f5766c856b4702b1dc43afc43e6da3"
"md","step-04-final-validation","bmm","bmm/3-solutioning/bmad-create-epics-and-stories/steps/step-04-final-validation.md","7162946e3bb05834c8320d2fd0575a0840cfce5b18e78053186449796aac8048"
"md","step-04-journeys","bmm","bmm/2-plan-workflows/bmad-create-prd/steps-c/step-04-journeys.md","309dcc867f59eeffb4f9af09637c07cc8d602e961aa7d0decbbee5b385040b20"
"md","step-04-present","bmm","bmm/4-implementation/bmad-code-review/steps/step-04-present.md","329c65c908c170dbd5335c35765433fce8351c726aee5f20983ba4cf85d1300b"
"md","step-04-regulatory-focus","bmm","bmm/1-analysis/research/bmad-domain-research/domain-steps/step-04-regulatory-focus.md","1febd5dc0218a4df066fac5b021ff7388604492eeeb304b4100f7edd6225a471"
"md","step-04-review","bmm","bmm/4-implementation/bmad-quick-dev/step-04-review.md","89131a3d1084fb155078efb1867dab14918056429511daf8a46685e69bc69d64"
"md","step-04-ux-alignment","bmm","bmm/3-solutioning/bmad-check-implementation-readiness/steps/step-04-ux-alignment.md","fe4459ad78f35fc687272234ab1f33b2d28cbfcdee691b069bdecb52ea79176a"
"md","step-05-competitive-analysis","bmm","bmm/1-analysis/research/bmad-market-research/steps/step-05-competitive-analysis.md","055340f07da2ee26ffb0e17f2d626fd84e362f28c34d9dcfd92a88f7ab3b0117"
"md","step-05-domain","bmm","bmm/2-plan-workflows/bmad-create-prd/steps-c/step-05-domain.md","655cf2a04c62313f61daec1d7c47ed544b51b1d4ff5beedbfd09b2dec0d6a0d4"
"md","step-05-epic-quality-review","bmm","bmm/3-solutioning/bmad-check-implementation-readiness/steps/step-05-epic-quality-review.md","df21f43456bf88f742d88676f394cf80bcd0447ad6aa5b47ce2c1e47da79fe6c"
"md","step-05-implementation-research","bmm","bmm/1-analysis/research/bmad-technical-research/technical-steps/step-05-implementation-research.md","2043d85f69967dab7d753583bbd7ec31a072018381dce88a10b49cdc54492b43"
"md","step-05-inspiration","bmm","bmm/2-plan-workflows/bmad-create-ux-design/steps/step-05-inspiration.md","757a111f01c3304105c75b3f8dd224f075406516f592d51d61888cb49c4e7be6"
"md","step-05-patterns","bmm","bmm/3-solutioning/bmad-create-architecture/steps/step-05-patterns.md","ec2d7579aacb6c0d8db51235b6cdada3276f289f3bb8bf17fae7a5b03f37f3ce"
"md","step-05-present","bmm","bmm/4-implementation/bmad-quick-dev/step-05-present.md","18a468e6efa8c4fbd593b5e81c34036d026750aae89c5af521bd771eac53f60f"
"md","step-05-technical-trends","bmm","bmm/1-analysis/research/bmad-domain-research/domain-steps/step-05-technical-trends.md","afe1a7f2771a197e55e5205007ed25e83774cbaed215089092f6a166a1147a58"
"md","step-06-design-system","bmm","bmm/2-plan-workflows/bmad-create-ux-design/steps/step-06-design-system.md","d84c81f12f059f78f5e32db3636e7cdad36627ab38e4c374088146797c46d0d0"
"md","step-06-final-assessment","bmm","bmm/3-solutioning/bmad-check-implementation-readiness/steps/step-06-final-assessment.md","fbf401b15fc83ddaa138c78115aa53597b351fbf37469bd3d74373bc740bfbea"
"md","step-06-innovation","bmm","bmm/2-plan-workflows/bmad-create-prd/steps-c/step-06-innovation.md","d2a5aeccc6d96f6bbe2b99ce087ed1ea5fb03f6b87312babebe9015dc784854c"
"md","step-06-research-completion","bmm","bmm/1-analysis/research/bmad-market-research/steps/step-06-research-completion.md","63203f627e60c9d91922bcfa18dff63e406b7be9debef45644bdd706a9b889c0"
"md","step-06-research-synthesis","bmm","bmm/1-analysis/research/bmad-domain-research/domain-steps/step-06-research-synthesis.md","f4280869c5f645b6dd1d234241cd0f82b662bab3476d591c8237d488475babda"
"md","step-06-research-synthesis","bmm","bmm/1-analysis/research/bmad-technical-research/technical-steps/step-06-research-synthesis.md","a2a3b0eeb88e755f49f05f268a56c2ef6544fe4743a7eb8d1ddf706fdb7715d6"
"md","step-06-structure","bmm","bmm/3-solutioning/bmad-create-architecture/steps/step-06-structure.md","716b78ac868b27d4f236d7f20c4a022b22ed727aa1d3286357b0af0798e4d196"
"md","step-07-defining-experience","bmm","bmm/2-plan-workflows/bmad-create-ux-design/steps/step-07-defining-experience.md","256bf67e9e7189d46e11b208f23723719e58833a23f2b57436c8b491813f2759"
"md","step-07-project-type","bmm","bmm/2-plan-workflows/bmad-create-prd/steps-c/step-07-project-type.md","341d55383eb65beca72ae2591c8c84dfc20a1dcf300dc07ffa658ef61ebce47b"
"md","step-07-validation","bmm","bmm/3-solutioning/bmad-create-architecture/steps/step-07-validation.md","31a1aeaa830d8032c0db4caa0b4f4488ba262a4975c93c7aee5f06ef9b70191a"
"md","step-08-complete","bmm","bmm/3-solutioning/bmad-create-architecture/steps/step-08-complete.md","02992275a516ae48b7877d04bab128a441e4848e98f9fee6e6763d241d2554e5"
"md","step-08-scoping","bmm","bmm/2-plan-workflows/bmad-create-prd/steps-c/step-08-scoping.md","29d2cca4c9693b1006c7fc608ba659332c705ac75e9e91e0a6784e4a9f067592"
"md","step-08-visual-foundation","bmm","bmm/2-plan-workflows/bmad-create-ux-design/steps/step-08-visual-foundation.md","d34ce8358b32b8ca1ed3c3a377a2048cac8fdcd930abc63c67af263a80cd64aa"
"md","step-09-design-directions","bmm","bmm/2-plan-workflows/bmad-create-ux-design/steps/step-09-design-directions.md","b0499ace0cc5fa07df38166f93e194c9b74bd064f492c111c3fdbbf2ea9c2254"
"md","step-09-functional","bmm","bmm/2-plan-workflows/bmad-create-prd/steps-c/step-09-functional.md","3b822a686f4d16334dec821f2245b7e88977730962bca16eb69abf85f5e43279"
"md","step-10-nonfunctional","bmm","bmm/2-plan-workflows/bmad-create-prd/steps-c/step-10-nonfunctional.md","ba48ec8df44a1357d0499a5292997ab8f815a880631f27c31cb56f50b85b961e"
"md","step-10-user-journeys","bmm","bmm/2-plan-workflows/bmad-create-ux-design/steps/step-10-user-journeys.md","9bf6d206a5d2227977e9c6a397ecbdf2db493f1d0ad40de0395784a4dd1ed057"
"md","step-11-component-strategy","bmm","bmm/2-plan-workflows/bmad-create-ux-design/steps/step-11-component-strategy.md","6245d706070d7190041d17058cb8b85fd49787195f51bfffb3f7d6db9904aec2"
"md","step-11-polish","bmm","bmm/2-plan-workflows/bmad-create-prd/steps-c/step-11-polish.md","e44c17f3b873c7eec658bee9a49a5c0941b411c2ad8c76b9f0af75264151202a"
"md","step-12-complete","bmm","bmm/2-plan-workflows/bmad-create-prd/steps-c/step-12-complete.md","a93349101c509552b125221551dc08ed5e5158b1d4559d1ce01111d74c5c8656"
"md","step-12-ux-patterns","bmm","bmm/2-plan-workflows/bmad-create-ux-design/steps/step-12-ux-patterns.md","3777083cbc854c357522c9c4fcf58f4b45819eb9adc5a2dd07b1674982670a67"
"md","step-13-responsive-accessibility","bmm","bmm/2-plan-workflows/bmad-create-ux-design/steps/step-13-responsive-accessibility.md","ebea6362796930d36375ef862eb575e8dd3a6e42e341f0203069ea7cad126baf"
"md","step-14-complete","bmm","bmm/2-plan-workflows/bmad-create-ux-design/steps/step-14-complete.md","651ef30e4fc484326259aa66f68ffb7b97f50382571a06fd54153fbe3759d9f5"
"md","step-e-01-discovery","bmm","bmm/2-plan-workflows/bmad-edit-prd/steps-e/step-e-01-discovery.md","207e1ff3f1d24a2723e6cee4f12f0dd5cd63aae122db7bcc1d5a95ed783ad610"
"md","step-e-01b-legacy-conversion","bmm","bmm/2-plan-workflows/bmad-edit-prd/steps-e/step-e-01b-legacy-conversion.md","5c8000991fe6e0a220399a1d24a8393ef1d96fb353afad8302366021671dc4bc"
"md","step-e-02-review","bmm","bmm/2-plan-workflows/bmad-edit-prd/steps-e/step-e-02-review.md","9afa5b77f707d63548b802ebf4fb886fa6b03ed0ac288ccf8e91961f913d7123"
"md","step-e-03-edit","bmm","bmm/2-plan-workflows/bmad-edit-prd/steps-e/step-e-03-edit.md","165fc8fbcd4c5ee822e9e8e67363505c0529315ff5bbc4ec5791739c37f0b3cb"
"md","step-e-04-complete","bmm","bmm/2-plan-workflows/bmad-edit-prd/steps-e/step-e-04-complete.md","f7e4563be94b0bf1758a3898c58ccb5625c246faccb67b8e50690ca2766bf899"
"md","step-oneshot","bmm","bmm/4-implementation/bmad-quick-dev/step-oneshot.md","b917f086191d6a50a668078e012738a9c179f9666f59fc290f8c6e69e8244725"
"md","step-v-01-discovery","bmm","bmm/2-plan-workflows/bmad-validate-prd/steps-v/step-v-01-discovery.md","d624ae21325e14407e6d3293a9f8badf002b546dc66145c24a5b127f27209e08"
"md","step-v-02-format-detection","bmm","bmm/2-plan-workflows/bmad-validate-prd/steps-v/step-v-02-format-detection.md","ac1055fc556e3777caff77beedcfdd274ce0c6315581c0f586da5934b11acd31"
"md","step-v-02b-parity-check","bmm","bmm/2-plan-workflows/bmad-validate-prd/steps-v/step-v-02b-parity-check.md","76c4b34f5abc05c52c7071149861dc2e8fd4f44a878c1a3bed4d75561a6c99a8"
"md","step-v-03-density-validation","bmm","bmm/2-plan-workflows/bmad-validate-prd/steps-v/step-v-03-density-validation.md","b05050c98fccfc154f189d6a36d7e6914c6117ca9cc3f05d3574b5f93ff8aae3"
"md","step-v-04-brief-coverage-validation","bmm","bmm/2-plan-workflows/bmad-validate-prd/steps-v/step-v-04-brief-coverage-validation.md","8a47726bd81c29dbe3819d5a453878ec14fb6503b5111b56d6261be2916943b6"
"md","step-v-05-measurability-validation","bmm","bmm/2-plan-workflows/bmad-validate-prd/steps-v/step-v-05-measurability-validation.md","dc8749ab643d967a32cf357664e6867ec7ad799b5df2429897ca00286339c572"
"md","step-v-06-traceability-validation","bmm","bmm/2-plan-workflows/bmad-validate-prd/steps-v/step-v-06-traceability-validation.md","c7cfa2d2ec751948ec1da527ece7ff9bf91dbfc99785158abb67fbf2d2a2ee58"
"md","step-v-07-implementation-leakage-validation","bmm","bmm/2-plan-workflows/bmad-validate-prd/steps-v/step-v-07-implementation-leakage-validation.md","350d4bb13dcacbff8041e70a7caa9e2451cf4ab910614975e7097c9040023c85"
"md","step-v-08-domain-compliance-validation","bmm","bmm/2-plan-workflows/bmad-validate-prd/steps-v/step-v-08-domain-compliance-validation.md","45f5147cf08854b6fff6e55ac969a62d613067be637035824a52262578e33383"
"md","step-v-09-project-type-validation","bmm","bmm/2-plan-workflows/bmad-validate-prd/steps-v/step-v-09-project-type-validation.md","6a48a2c142b724137da25c0ef6f506acf38961ff84aad1de90d5b5b3643ab3ba"
"md","step-v-10-smart-validation","bmm","bmm/2-plan-workflows/bmad-validate-prd/steps-v/step-v-10-smart-validation.md","1120d212f7c0e95da32cf911939166eeb3dd2c60559bce19cc780289246459ba"
"md","step-v-11-holistic-quality-validation","bmm","bmm/2-plan-workflows/bmad-validate-prd/steps-v/step-v-11-holistic-quality-validation.md","491f5d966e42fd57a933e817c5f7874ebc0b8c243c022df68f817b508e5bfe35"
"md","step-v-12-completeness-validation","bmm","bmm/2-plan-workflows/bmad-validate-prd/steps-v/step-v-12-completeness-validation.md","ae832620c6cc993437710485cacb2ef285f0dfef3ba2496a69773aefa3f3f99c"
"md","step-v-13-report-complete","bmm","bmm/2-plan-workflows/bmad-validate-prd/steps-v/step-v-13-report-complete.md","10ae9a38035861c46650d03fcd580c97a51a1b97adf231374e734dd9e49d53ec"
"md","template","bmm","bmm/4-implementation/bmad-create-story/template.md","31c35d74f9c84250b0b3574ca02c3041b243342e365e1c190a2d27b9971e9aab"
"md","ux-design-template","bmm","bmm/2-plan-workflows/bmad-create-ux-design/ux-design-template.md","e3243405e033ac20fc1f39f2ec39f60629a00599b7638b5b17be8ce1cb65974c"
"md","validate-doc","bmm","bmm/1-analysis/bmad-agent-tech-writer/validate-doc.md","e34d390365d4c09bed23c263cde030a42acf054a71146295a8fb602208ac9ea8"
"md","verdict","bmm","bmm/1-analysis/bmad-prfaq/references/verdict.md","13144794c30dc04e07f88e7070a64d007cf4a1c563a2721c9f5a52f5539b8214"
"md","web-researcher","bmm","bmm/1-analysis/bmad-prfaq/agents/web-researcher.md","8b530a75744f72f4d189bb8634c00daeb97aec02aab2daa63df3d4814b27e3b9"
"md","web-researcher","bmm","bmm/1-analysis/bmad-product-brief/agents/web-researcher.md","f258601592f37448d410bf95f885a9678188fe567c204449e70d3e61708f3c2a"
"md","workflow","bmm","bmm/1-analysis/bmad-document-project/workflow.md","2edd977073a921c88f416d05492a849bed1851386791d076a93b7638e71513da"
"md","workflow","bmm","bmm/1-analysis/research/bmad-domain-research/workflow.md","3a4beacc5c410cbacb6150afa3d052e534f383049de33451942b8c6cac4867cb"
"md","workflow","bmm","bmm/1-analysis/research/bmad-market-research/workflow.md","df68387052511b4b676267a58251310de1be92f6cb09a82dbc9d513bf95d3a89"
"md","workflow","bmm","bmm/1-analysis/research/bmad-technical-research/workflow.md","70aa72154c257cbd47f9589187c4eae9b060abc6af2de4319de4a69c043b7484"
"md","workflow","bmm","bmm/2-plan-workflows/bmad-create-prd/workflow.md","b03d0f936cedb619b939dfb298082ce92c1e1d005960b42cd30e6d214d319b08"
"md","workflow","bmm","bmm/2-plan-workflows/bmad-create-ux-design/workflow.md","4587dc447e0235817b59e2b26d61973bc6d3d6a383edfdf801fff5edad6109c8"
"md","workflow","bmm","bmm/2-plan-workflows/bmad-edit-prd/workflow.md","6b16753e0d58ca73e6fe46f0055134715231e8c5b430d93ffdf05df814ddfddb"
"md","workflow","bmm","bmm/2-plan-workflows/bmad-validate-prd/workflow.md","da228beab4eb7aa5dedc4f73a3955660a9f7d061e9d3038f07293d6b9a1bbcbb"
"md","workflow","bmm","bmm/3-solutioning/bmad-check-implementation-readiness/workflow.md","b08fe209c3bbd92058e116dd03f65561325d00fd149033ed7507c01c4cd6817a"
"md","workflow","bmm","bmm/3-solutioning/bmad-create-architecture/workflow.md","6c420688c2998ff20ba2b9860c15f5772b19c28d37e5322f57b76c523086830a"
"md","workflow","bmm","bmm/3-solutioning/bmad-create-epics-and-stories/workflow.md","c39d89caf48010bb5b546d7cdce00d72a5418487ecdb8b5b051808d472901455"
"md","workflow","bmm","bmm/3-solutioning/bmad-generate-project-context/workflow.md","7c5eb426194b09cee6fcdf62abf5badfea5801b354cb5fb30dad0a231428d1ae"
"md","workflow","bmm","bmm/4-implementation/bmad-code-review/workflow.md","c1925a4a85c1bfc7264e1aab24a0fa5456422e5d22e25ad1d73b80e0813727b1"
"md","workflow","bmm","bmm/4-implementation/bmad-correct-course/workflow.md","67feb8a6ec61b8a9987397ff9462178cccb5562c96e4cf736e157c5436b7dc5b"
"md","workflow","bmm","bmm/4-implementation/bmad-create-story/workflow.md","3d835fb438c21da46a89a03f682ba8ab26d4b5dba5fe5db765e3e054cb576bc9"
"md","workflow","bmm","bmm/4-implementation/bmad-dev-story/workflow.md","1e4480c0e8ae1152e5a917da58bd1f480c803b3f4021c6890f4d232379179dbb"
"md","workflow","bmm","bmm/4-implementation/bmad-qa-generate-e2e-tests/workflow.md","a0f8d7ff4d9580cd3dda84e9ccb43ddba28c52efa48016827b0c1e9c650de464"
"md","workflow","bmm","bmm/4-implementation/bmad-quick-dev/workflow.md","e0b885eebb2d5af5076a47642d3d92de80942f631807033822f09f082c5b88e5"
"md","workflow","bmm","bmm/4-implementation/bmad-retrospective/workflow.md","cebfde3b836f12ad15cbb177c01f91c78d2dfb221dd34036d36596877a084f34"
"md","workflow","bmm","bmm/4-implementation/bmad-sprint-planning/workflow.md","28c4d954936d6df636c7dcb8651c7f6ad1d5883f27f15a034204490b471d212e"
"md","workflow","bmm","bmm/4-implementation/bmad-sprint-status/workflow.md","12a493700413e4d1851d52c7b3537c69716fcc7b266e62473588965f4bdfec41"
"md","write-document","bmm","bmm/1-analysis/bmad-agent-tech-writer/write-document.md","ac49869cbeaa4f7e8fa4d6bcebff3280d06678931c57e504e1f9ce8977875667"
"yaml","bmad-skill-manifest","bmm","bmm/1-analysis/bmad-agent-analyst/bmad-skill-manifest.yaml","6c9ccfa5ddc4324af7acbda58937562376e58d2328734149dc3a8dd6a82f6f4c"
"yaml","bmad-skill-manifest","bmm","bmm/1-analysis/bmad-agent-tech-writer/bmad-skill-manifest.yaml","549fd6c08885e81842a78316b5a7d392b887e752f69520460c26d0382de306df"
"yaml","bmad-skill-manifest","bmm","bmm/2-plan-workflows/bmad-agent-pm/bmad-skill-manifest.yaml","c7d44d1fad5a7253efaca0eeead0ee7ef892c369cf084063606965c4c20e7197"
"yaml","bmad-skill-manifest","bmm","bmm/2-plan-workflows/bmad-agent-ux-designer/bmad-skill-manifest.yaml","87289fa1b9d63ae174d092cf74f36299aacd573fc4fc2d32ae931173e1736e3a"
"yaml","bmad-skill-manifest","bmm","bmm/3-solutioning/bmad-agent-architect/bmad-skill-manifest.yaml","e549403b4d1f4f869abffdab3dc3b2433c96dbc7ef76e2b4957826f435921536"
"yaml","bmad-skill-manifest","bmm","bmm/4-implementation/bmad-agent-dev/bmad-skill-manifest.yaml","37a64fd06b087338b04cf4f58f987968c2c2d21dfd2291777fa0bb41277373d0"
"yaml","bmad-skill-manifest","bmm","bmm/4-implementation/bmad-agent-qa/bmad-skill-manifest.yaml","51437c43bd397fe09d98ef08128b8ed1f97dccd10bb1ab2200a36a4306dd4e4f"
"yaml","bmad-skill-manifest","bmm","bmm/4-implementation/bmad-agent-quick-flow-solo-dev/bmad-skill-manifest.yaml","5b5b7a20e77021db04e0916bc19b34e392003f62f5b07337145512f594195b88"
"yaml","bmad-skill-manifest","bmm","bmm/4-implementation/bmad-agent-sm/bmad-skill-manifest.yaml","256a5c1d7ccf4e5321847c2f2f8ffbf53a03b49cf71802a2cc3125d6bc1997d7"
"yaml","config","bmm","bmm/config.yaml","f18f1a005fcdf2c5bb415b570faf869e7e49463bed86c3d9ff021cc58d45655a"
"yaml","sprint-status-template","bmm","bmm/4-implementation/bmad-sprint-planning/sprint-status-template.yaml","1b4ebffd19a0bdf2ec37d9ecec89cc4392170f2c2d5ca3dc8d743ac28a17ccee"
"csv","brain-methods","core","core/bmad-brainstorming/brain-methods.csv","ac6b25211f30e35d0f6390f165d4a68abb66a4553bae039a7162f4e6dd3594d2"
"csv","methods","core","core/bmad-advanced-elicitation/methods.csv","5919c987bd12404753cdb21a534619422903210bbb8430da0f91364c36e48b53"
"csv","module-help","core","core/module-help.csv","659ea159c4cf4fc522e2d100611fb525b916719bd8b443b30841cc81663e3db7"
"md","compression-rules","core","core/bmad-distillator/resources/compression-rules.md","b2d3fed2d5001c32bd24b2f574e1ebfdb93905e7ce37c7472278779008285a96"
"md","distillate-compressor","core","core/bmad-distillator/agents/distillate-compressor.md","a33ade79aa77ad6ee4362c2caa61a5e06ac9e73e283067f0492b5d6eda578968"
"md","distillate-format-reference","core","core/bmad-distillator/resources/distillate-format-reference.md","84b076c0f8b97a633df05cd2eb08d1f677d1a2a24e55ce5e76d55935cf64f45b"
"md","round-trip-reconstructor","core","core/bmad-distillator/agents/round-trip-reconstructor.md","715d0bf7d3ff6b6de59e2bdf4ed37c7b94bdea81888a4367fdb50ef470040102"
"md","SKILL","core","core/bmad-advanced-elicitation/SKILL.md","99a76a79b909a66bcdd316db521e9f987841b31877df3f984d646b98df92676b"
"md","SKILL","core","core/bmad-brainstorming/SKILL.md","9ff6039bc5c8e27d6f025a7841a7b81c124f39f8fe35207d17582b8dd7ef4f33"
"md","SKILL","core","core/bmad-distillator/SKILL.md","23df018b83d20ba4121db0118de88ec6f3b9905eca3930726cb86989fe52075f"
"md","SKILL","core","core/bmad-editorial-review-prose/SKILL.md","fcd192fdac73e74f54f5da50644a9e06628e4414e5f7ff1819941c68c5cd681c"
"md","SKILL","core","core/bmad-editorial-review-structure/SKILL.md","6cfd75127bbf2dcefb45ed0b943692be8963259f4ee49138bc6104b38ac65c9f"
"md","SKILL","core","core/bmad-help/SKILL.md","e8fb1dd761fd1a8d354bc085bf1dcaf083d43d2b999960460933db1205abe06c"
"md","SKILL","core","core/bmad-index-docs/SKILL.md","c119b940091cadc8b984af1f87190faa35019201c6cca10f8027d6d57fc4568a"
"md","SKILL","core","core/bmad-party-mode/SKILL.md","33ed1b7bf565a4f31937dea12d01c0d635592a31119e42292652ec48046d6489"
"md","SKILL","core","core/bmad-review-adversarial-general/SKILL.md","4ba0a2743d77a14c9832b58531c34ce2403fcc3b26f4262c30adbfac3df85ccb"
"md","SKILL","core","core/bmad-review-edge-case-hunter/SKILL.md","4387e5dc46070f3fc4dfd24916f26550c21d5826051613d815fe07f80fe52547"
"md","SKILL","core","core/bmad-shard-doc/SKILL.md","53ca6978c921a08a866163e0b9397ca2a7aeef6525d1b03dec2fbaeaa330fabb"
"md","splitting-strategy","core","core/bmad-distillator/resources/splitting-strategy.md","475ea858d8f4680c703c9eec660b2d30625a5fccb35075289e1f5cb13bb17e20"
"md","step-01-session-setup","core","core/bmad-brainstorming/steps/step-01-session-setup.md","9f5bc497f2623e551e90f922eaff107f4b8663b4ef80da5b8ff930e353b180d2"
"md","step-01b-continue","core","core/bmad-brainstorming/steps/step-01b-continue.md","a2a93a60f7fbc04f17f44d6d3eaeb656cc3a1ca56d6e2d373ff9bea7554d19ce"
"md","step-02a-user-selected","core","core/bmad-brainstorming/steps/step-02a-user-selected.md","e4dfa9225e34705176f15d985de0eea5dd82bbfa28927f77fe0539d4bce55768"
"md","step-02b-ai-recommended","core","core/bmad-brainstorming/steps/step-02b-ai-recommended.md","8413174bb5b59b1c7243cac1cc4823d6e710ca924690ce76ac0f5875ae0af7fa"
"md","step-02c-random-selection","core","core/bmad-brainstorming/steps/step-02c-random-selection.md","5d862d7b85961cb87848c897ab112dac14d57f8d5ed7ead7c798ce918449210d"
"md","step-02d-progressive-flow","core","core/bmad-brainstorming/steps/step-02d-progressive-flow.md","a6fa765cf7b06b25fbb506986887e10667286b846e46e3d6faec807b90b2c15c"
"md","step-03-technique-execution","core","core/bmad-brainstorming/steps/step-03-technique-execution.md","ec4ec0cffd720f94a42001476159a37b0be355fafb80ef586ef478d79d016f66"
"md","step-04-idea-organization","core","core/bmad-brainstorming/steps/step-04-idea-organization.md","e15a6da4f22be28265369a00f82e0ea89cd821b61fdd68d56f5ff04360352359"
"md","template","core","core/bmad-brainstorming/template.md","016492ff5f6ddcf1d2a80b1891eb3a9f473bd108d753b8fe56ade4265cf0f25f"
"md","workflow","core","core/bmad-brainstorming/workflow.md","6f1dae69e09bad9a1bb9b0a95678e07f407593adb04eb95b1ea82b73a7ecc0f5"
"py","analyze_sources","core","core/bmad-distillator/scripts/analyze_sources.py","7da11adf8715520d2088b4c218578bba16d0222c9934fc601cc2ae0fbc7bcbb9"
"py","test_analyze_sources","core","core/bmad-distillator/scripts/tests/test_analyze_sources.py","d51d387dffe410e0b07101fb0e8c381f75cc967a25e08aff52487d67449d719d"
"yaml","config","core","core/config.yaml","7fe2e70f922bbb85f5b32c9413d70824f30044886f9fc820e327adecad6819d5"
